Doc2._assayEncodeMembers(into:into:at:)	release	6
Doc2._assayEncodeMembers(into:into:at:)	retain	3
Doc20._assayEncodeMembers(into:into:at:)	release	4
Doc20._assayEncodeMembers(into:into:at:)	retain	2
Doc5._assayEncodeMembers(into:into:at:)	release	4
Doc5._assayEncodeMembers(into:into:at:)	retain	2
allAxes()	ref	1
allShapes()	release	159
allShapes()	retain	29
allShapes()	stack-allocated-ref	1
closure #1 in allShapes()	release	1
closure #1 in allTasks()	retain	2
closure #1 in closure #10 in allTasks()	release	2
closure #1 in closure #11 in allShapes()	release	2
closure #1 in closure #4 in allTasks()	release	4
closure #1 in closure #5 in allTasks()	release	5
closure #1 in closure #6 in allAxes()	release	16
closure #1 in closure #6 in allAxes()	retain	4
closure #1 in closure #6 in allTasks()	release	3
closure #1 in closure #6 in allTasks()	retain	1
closure #1 in closure #7 in allAxes()	release	14
closure #1 in closure #7 in allAxes()	retain	3
closure #1 in closure #8 in allTasks()	release	2
closure #10 in allAxes()	ref	1
closure #10 in allAxes()	release	9
closure #10 in allAxes()	retain	2
closure #10 in allTasks()	release	3
closure #11 in allAxes()	release	12
closure #11 in allAxes()	retain	2
closure #16 in allShapes()	release	17
closure #16 in allShapes()	retain	3
closure #2 in 	release	5
closure #2 in 	retain	2
closure #2 in allTasks()	retain	2
closure #2 in closure #8 in allTasks()	release	2
closure #3 in 	release	5
closure #3 in 	retain	2
closure #3 in closure #8 in allTasks()	release	2
closure #4 in allTasks()	retain	1
closure #5 in allAxes()	release	12
closure #5 in allAxes()	retain	2
closure #5 in allTasks()	retain	1
closure #6 in allTasks()	release	1
closure #8 in allTasks()	release	9
closure #9 in allAxes()	ref	1
closure #9 in allAxes()	release	7
closure #9 in allAxes()	retain	3
decodeStruct(_:_:)	release	40
decodedValue(_:_:)	release	30
diagnoseStruct(_:_:)	release	20
diagnoseStruct(_:_:)	retain	10
document(_:pretty:)	release	8
document(_:pretty:)	retain	3
fixed(_:_:)	release	2
fixed(_:_:)	stack-allocated-ref	1
flag(_:)	release	5
flag(_:)	retain	1
floor(shape:task:bytes:)	release	30
floor(shape:task:bytes:)	retain	3
measure(binary:shape:task:path:timeout:)	begin-exclusive-access-to-value	7
measure(binary:shape:task:path:timeout:)	end-exclusive-access-to-value	9
measure(binary:shape:task:path:timeout:)	ref	3
measure(binary:shape:task:path:timeout:)	release	36
measure(binary:shape:task:path:timeout:)	retain	7
one-time initialization function for __assayRules_0_0	ref	1
one-time initialization function for __assayRules_0_0	release	1
one-time initialization function for __assayRules_0_0	retain	1
one-time initialization function for __assayRules_1_0	ref	1
one-time initialization function for __assayRules_1_0	release	1
one-time initialization function for __assayRules_1_0	retain	1
one-time initialization function for __assayRules_2_0	ref	1
one-time initialization function for __assayRules_2_0	release	1
one-time initialization function for __assayRules_2_0	retain	1
one-time initialization function for __assayRules_3_0	ref	1
one-time initialization function for __assayRules_3_0	release	1
one-time initialization function for __assayRules_3_0	retain	1
one-time initialization function for __assayRules_4_0	ref	1
one-time initialization function for __assayRules_4_0	release	1
one-time initialization function for __assayRules_4_0	retain	1
one-time initialization function for fiveStringShapes	release	2
one-time initialization function for fiveStringShapes	retain	1
one-time initialization function for stringValuedShapes	release	2
one-time initialization function for stringValuedShapes	retain	1
quote(_:)	release	2
quote(_:)	retain	2
runChild(shape:taskName:path:)	release	21
runChild(shape:taskName:path:)	retain	11
runCount(shape:taskName:path:k:)	release	21
runCount(shape:taskName:path:k:)	retain	11
specialized closure #2 in allAxes()	release	12
specialized closure #2 in allAxes()	retain	2
specialized closure #3 in allAxes()	release	11
specialized closure #3 in allAxes()	retain	2
specialized closure #4 in allAxes()	release	11
specialized closure #4 in allAxes()	retain	2
specialized closure #6 in allAxes()	release	4
specialized closure #6 in allAxes()	retain	1
specialized closure #7 in allAxes()	release	4
specialized closure #7 in allAxes()	retain	1
specialized closure #8 in allAxes()	release	8
specialized closure #8 in allAxes()	retain	2
specialized static Doc2._assay(from:into:at:)	release	13
specialized static Doc2._assay(from:into:at:)	retain	2
specialized static Doc20._assay(from:into:at:)	release	13
specialized static Doc20._assay(from:into:at:)	retain	2
specialized static Doc5._assay(from:into:at:)	release	13
specialized static Doc5._assay(from:into:at:)	retain	2
specialized static DocArray._assay(from:into:at:)	release	13
specialized static DocArray._assay(from:into:at:)	retain	2
specialized static DocBool._assay(from:into:at:)	release	13
specialized static DocBool._assay(from:into:at:)	retain	2
specialized static DocDouble._assay(from:into:at:)	release	13
specialized static DocDouble._assay(from:into:at:)	retain	2
specialized static DocInt._assay(from:into:at:)	release	13
specialized static DocInt._assay(from:into:at:)	retain	2
specialized static DocLongKeys._assay(from:into:at:)	release	13
specialized static DocLongKeys._assay(from:into:at:)	retain	2
specialized static DocNested._assay(from:into:at:)	release	12
specialized static DocNested._assay(from:into:at:)	retain	2
specialized static DocOptional._assay(from:into:at:)	release	13
specialized static DocOptional._assay(from:into:at:)	retain	2
specialized static DocPrefix._assay(from:into:at:)	release	13
specialized static DocPrefix._assay(from:into:at:)	retain	2
specialized static DocValidated._assay(from:into:at:)	release	13
specialized static DocValidated._assay(from:into:at:)	retain	2
specialized static M2._assay(from:into:at:)	release	14
specialized static M20._assay(from:into:at:)	release	462
specialized static M5._assay(from:into:at:)	release	46
specialized static MArray._assay(from:into:at:)	release	53
specialized static MArray._assay(from:into:at:)	retain	1
specialized static MInner1._assay(from:into:at:)	release	14
specialized static MInner2._assay(from:into:at:)	release	6
specialized static MLongKeys._assay(from:into:at:)	release	46
specialized static MNested._assay(from:into:at:)	release	47
specialized static MOptional._assay(from:into:at:)	release	26
specialized static MPrefix._assay(from:into:at:)	release	14
specialized static MValidated._assay(from:into:at:)	release	53
specialized static MValidated._assay(from:into:at:)	retain	6
specialized static MValidated._assayCheck(_:into:at:)	release	5
specialized static MValidated._assayCheck(_:into:at:)	retain	5
walk(_:_:)	conditional-runtime-cast	1
walk(_:_:)	release	7
